words,count,action
abandoned,9,
abattoir,9,
abdominal,22,
aberrant,12,
ability,228,
abiotic,32,
able,207,x
abnormal,66,
abolished,24,
abortion,12,
absence,126,
absent,38,
absolute,35,
absorbed,24,
absorption,68,
abstract,35,x
abts,19,
abundance,233,
abuse,18,
acacia,16,
academic,61,academic
academy,44,academic
academy_sciences,12,academic
accelerate,44,
acceptance,85,acceptance
acceptor,23,acceptance
access,126,x
accessory,11,
accompanied,47,x
accomplished,21,x
according,313,x
accordingly,34,x
account,143,x
accumulation,213,
accuracy,31,accuracy
accurate,63,accuracy
ace,25,
acetaldehyde,21,
acetate,221,
acetone,23,
acetonitrile,9,
acetyl,30,
acetylcholine,12,
acetylcholinesterase,21,
acetylglucosamine,10,
ache,19,
achieved,207,x
acid,808,
acidification,15,
acinetobacter,9,
acoustic,9,
acquired,53,x
acquisition,26,x
acrosome,34,
act,125,
actin,26,
actinobacteria,15,
action,255,
activity,1589,
actors,10,
actual,39,x
acute,182,
acyl,21,
adaptation,146,
add,17,x
added,228,x
addition,757,x
additionally,185,x
address,104,x
adducts,12,
adenocarcinoma,12,
adenosine,17,
adequate,117,
adf,9,
adg,10,
adherence,29,
adhesion,42,
adipocytes,19,
adipokines,10,
adiponectin,15,
adipose,29,
adjacent,31,x
adjusted,143,x
adjuvant,20,x
administered,200,administration
administration,266,administration
admission,14,x
adolescents,32,
adoption,31,
adp,11,
adrenal,19,
adrenergic,10,
adsorbed,26,
adsorption,43,
adult,282,adulthood
adulthood,24,adulthood
advanced,95,x
advantages,94,x
adverse,85,
advisable,12,
aeration,32,
aerial,35,
aerial_parts,23,
aerobic,77,
aerodynamic,9,
aeruginosa,19,
affected,685,x
affiliative,11,
affinity,111,
afforded,12,x
afm,11,x
aforementioned,11,x
africa,38,africa
african,25,africa
agar,40,
agave,33,
age,509,
agency,10,
agenda,9,
agents,201,
agglutination,10,agglutination
agglutinin,12,agglutination
aggravates,13,
aggregates,91,x
aggressive,43,
agitation,13,
ago,12,x
agonist,79,
agreed,25,x
agreement,65,x
agricultural,104,
agro,14,
agroecosystems,9,
agroindustrial,14,
aids,56,
aim,959,x
air,108,
airborne,20,
akt,22,x
ala,9,x
alanine,14,
albicans,10,
albumin,32,
alcohol,138,
aldehydes,16,
alfalfa,20,
algae,40,
algal,21,
alginate,18,
algorithm,31,
aligned,13,
alimentos,14,
aliphatic,12,
alive,16,
alkali,11,
alkaline,54,
alkaloids,20,
alkanes,10,
allele,74,
alleviate,16,
allocation,33,
allodynia,13,
allometric,10,
allowed,424,x
alloxan,23,
alpha,70,
alpine,11,
alterations,336,x
alternative,268,x
altitude,20,
altogether,12,x
alzheimer,24,
amaranth,24,amaranthus
amaranthus,10,amaranthus
amaranthus_hypochondriacus,10,amaranthus
amberlite,9,
ambient,29,
ambulatory,9,
ameliorate,12,
ameloblastic,18,
ameloblastoma,25,
amended,16,
america,157,
american,249,
americana,20,
amf,12,
amide,22,
amine,11,
amino,110,
aminobutyric,10,
aminotransferase,9,
ammonia,36,
ammonium,58,
amorphous,17,
amounts,90,x
amphibians,12,
ampicillin,12,
amplification,35,
amplified,38,
amplitude,26,
amygdala,14,
amylase,20,
amyloid,15,
amylolytic,12,
amylose,18,
anaerobic,82,
analgesic,15,
analogs,23,
analogues,18,
analyses,419,
analysis,1236,x
analytical,59,
analyzed,750,x
anastrepha,11,
anatomical,33,
anatomy,16,
ancestral,17,
ancestry,21,
anchored,11,
ancient,10,
androgen,83,
androstenedione,13,
angel,10,
angiogenesis,17,
angiotensin,18,
angiotensin_converting,12,
angle,19,
angustifolia,12,
animals,488,
anion,32,
ann,25,
annexin,10,
annual,89,x
annual_killifish,11,
anode,10,
anomalies,10,
anova,42,
anoxic,11,
answered,11,
ant,17,
antagonism,20,
antagonist,91,
anterior,40,
anthesis,10,
anthocyanins,18,
anthropogenic,39,
anthropometric,21,
anti,239,
anti_inflammatory,120,
antiandrogenic,18,
antibacterial,29,
antibiotic,62,
antibodies,104,
anticancer,17,
anticonvulsant,9,
antidepressant,29,
antidiabetic,24,
antiepileptic,9,
antifungal,19,
antigens,39,
antihyperglycemic,13,
antihypertensive,11,
antimicrobial,63,
antinociceptive,47,
antioxidant,259,
antiprotozoal,9,
antiretroviral,16,
antitumor,13,
antiviral,10,
antonio,10,
antral,10,
anxiety,35,
anxiolytic,23,
aortic,16,
apart,13,
api,14,
apical,28,
apoptosis,67,
apoptotic,31,
apparatus,13,
apparent,115,x
appeared,188,x
apple,15,
application,298,
applied,336,x
appreciable,15,
approaches,93,x
appropriate,76,
approved,11,
approximately,146,x
april,32,
aquaculture,28,
aquatic,38,
aqueous,132,
aquifer,12,
arabic,12,
arbuscular,20,
arbuscular_mycorrhizal,18,
archipelago,10,
architecture,24,
area,571,
arg,18,
argentina,15,
arginine,22,
argue,13,
arid,45,
arising,30,
arm,22,
aroma,22,
aromatic,100,
arrangement,54,
array,19,
arrest,21,
arrival,24,
arsenic,25,
art,15,
artemia,13,
artery,26,
arthritic,24,
arthritis,24,
article,105,x
article_licensebackground,22,
articular,10,
artificial,48,
artificial_insemination,16,
artisanal,10,
aryl,11,
ascertain,15,
ascorbic,26,
ascribed,12,
ash,17,
asia,25,
asian,18,
asked,15,
aspartate,30,
aspects,77,x
aspergillus,113,
aspergillus_niger,71,
asphyxia,17,
assay,339,x
assemblages,33,
assembly,26,
assessed,785,
assigned,127,x
assimilation,10,
assisted,60,x
associated,1133,x
assumed,33,
assumptions,24,
astaxanthin,11,
asteraceae,20,
astrocytes,12,
asymmetric,13,
asymmetries,15,
asymptomatic,15,
asynchronous,9,
atcc,20,
atlantic,50,
atlantic_ocean,21,
atmospheric,60,
atomic,71,
atp,34,
atpase,12,
atresia,10,
atretic,13,
attached,44,x
attack,25,
attained,80,x
attempt,62,x
attending,36,x
attention,56,x
attenuated,55,
attitudes,21,
attractive,47,
attributed,183,x
atypical,13,
auc,30,
auditory,17,
augmented,26,
august,15,x
aureus,37,
australia,9,
author_exclusive,88,x
authors,672,x
authors_licensee,155,x
auto,11,
autoimmune,10,
automated,15,
automatic,15,
autonoma,25,x
autonomic,24,
autotrophic,10,
autumn,16,
availability,97,
average,296,
avoid,94,x
awareness,10,
away,10,
axes,15,
axial,25,
axis,40,
bacillus,52,
bacillus_subtilis,16,
backbone,9,
background,393,
bacteria,218,
bacterial,153,
bacteriocin,12,
bacteriological,15,
bacterium,43,
bagasse,37,
bags,11,
bahia,10,
baja,37,
baja_california,28,
bajo,10,
balance,110,
balb,40,
banana,16,
bands,71,
bank,17,
bap,11,
bare,19,
bark,17,
barrier,54,
basal,96,x
base,94,
basel,166,
baseline,68,
basic,81,
basin,29,
basis,154,
basolateral,9,
bassiana,13,
bat,42,
batch,110,
batters,10,
bax,9,
bay,28,
bayesian,30,
bcl,18,
bcs,10,
beach,11,
beads,15,
bean,23,
bearing,35,
beauveria,13,
beauveria_bassiana,13,
bed,64,
beef,24,
beer,12,
bees,11,
beetle,9,
began,14,
beginning,69,x
behalf,25,
behaves,19,
behavior,394,
behaviour,96,
believe,13,
belonging,127,x
belt,12,
beneficial,50,
benefits,101,
benign,46,
bentham,22,
benzene,28,
benzimidazole,9,
benzo,12,
benzoate,16,
benzyl,12,
berlin,52,
berlin_heidelberg,38,
best,227,x
beta,40,
better,282,x
beverage,32,
bias,35,
biases,14,
bicarbonate,19,
bifidobacterium,15,
big,13,
bilateral,12,
bile,22,
bile_salts,12,
billion,9,
binary,13,
binding,214,
bio,20,
bioaccumulation,19,
bioactive,102,
bioassays,35,
bioavailability,26,
biocatalyst,21,
biochemical,125,
biochemistry,9,
bioconcentration,9,
bioconversion,20,
biodegradation,80,
biodiversity,52,
bioelectrical,12,
bioelectrical_impedance,9,
biofilm,41,
biofilter,20,
biofiltration,18,
biogas,15,
biogeochemical,11,
biogeographic,18,
bioinformatic,9,
biological,343,
biology,76,
biomarkers,67,
biomass,239,
biomed,16,
biomolecules,9,
biophysical,11,
biopolymers,16,
bioprocess,18,
biopsies,31,
bioreactor,76,
bioremediation,18,
biosphere,20,
biosphere_reserve,19,
biosynthesis,38,
biosynthetic,17,
biota,12,
biotechnological,68,
biotic,28,
biotransformation,24,
biphasic,13,
birds,31,
birth,91,
bis,22,
bivariate,16,
black,32,
blackwell,80,
blanca,9,
blanket,22,
blanket_uasb,13,
blends,33,
blind,24,
blockade,16,
blockage,11,
blocked,111,
blocker,20,
blood,315,
blooms,18,
blot,60,
blue,50,
blunted,9,
bmi,41,
boar,25,
body,305,
bonds,80,
bone,62,
bone_marrow,23,
boosted,10,
border,27,
born,49,
bos,10,
bos_taurus,10,
boston,10,
botanica,9,
botanical,37,
bottled,14,
bouche,9,
bound,54,
boundary,21,
bovine,61,
box,12,
boys,16,
boys_girls,9,
brachionus,13,
bracts,10,
brain,138,
bran,12,
branches,70,
brands,13,
brasileira,20,
brasiliensis,12,
brazil,45,
brazilian,15,
bread,16,
breadth,11,
breakdown,16,
breaks,33,
breast,49,
breathing,14,
breeding,71,
bridge,15,
brief,15,
bring,14,
british,26,
broad,41,
broader,11,
broilers,13,
bromeliaceae,26,
bromo,11,
broth,23,
brought,9,
brown,29,
brushing,11,
bubbles,14,
buds,13,
buffer,47,
building,35,
built,26,
bulk,22,
bull,10,
burden,72,
buried,11,
burning,18,
bursera,10,
business,251,
butyl,12,
butyrate,35,
byproducts,9,
cacl,13,
caco,10,
cactaceae,43,
cacti,34,
cactus,59,
cadherin,10,
cadmium,44,
caffeic,9,
caffeine,15,
cages,24,
cal,11,
calcification,9,
calcium,106,
calculated,221,
calf,17,
calibration,30,
california,54,
called,67,x
callus,24,
calmodulin,13,
caloric,9,
calorimetric,11,
calorimetry,41,
calves,28,
cambridge,19,
cambridge_university,19,
came,13,
camera,12,
camp,10,
campaigns,16,
campeche,20,
canada,18,
canary,12,
canary_islands,11,
cancer,184,
candida,26,
candidate,64,
candidosis,11,
cane,25,
canine,12,
canis,12,
cannabinoid,10,
cannulas,13,
canola,17,
canonical,25,
canonical_correspondence,10,
canopy,17,
cap,9,
capable,110,x
capacitation,35,
capacity,346,
capillary,17,
capita,16,
capital,12,
capsule,15,
captivity,26,
captured,63,
caput,12,
caracteristicas,9,
carbachol,10,
carbohydrates,88,
carbon,244,
carbonyl,15,
carboxylic,31,
carcass,37,
carcinogenic,21,
carcinoma,59,
cardenas,9,
cardiac,31,
cardiovascular,60,
care,109,
caribbean,45,
caries,35,
carlo,9,
carnivores,22,
carotene,11,
carotenoids,19,
carp,9,
carrageenan,22,
carried,413,x
carriers,56,
cas,9,
cascade,20,
casei,14,
casein,18,
cases,477,x
caspase,21,
cassava,10,
casting,12,
castor,9,
castrated,54,
cat,38,
catabolism,14,
catabolite,9,
catabolite_repression,9,
catalase,39,
catalyst,29,
catalytic,60,
catalyzed,44,
catches,15,
catechol,12,
categories,61,
categorized,20,
cation,32,
cattle,65,
cauda,15,
caudal,14,
caught,16,
causal,33,
caused,571,x
caution,10,
cav,13,
cavity,33,
cdc,12,
cdcl,11,
cdna,19,
cells,968,
cellular,166,
cellulases,23,
cellulolytic,9,
cellulose,31,
census,20,
censuses,11,
center,95,
central,292,
centre,14,
centrifugation,16,
centro,13,
century,19,
cephalus,15,
ceramiales,25,
ceramiales_rhodophyta,22,
cereals,18,
cerebellum,11,
cerebral,19,
cerevisiae,31,
certain,72,x
certification,10,
cervical,23,
cfu,41,
chagas,11,
chain,177,
challenge,120,
chamber,19,
chances,14,
changes,860,
channels,71,
chapter,26,
characterised,26,
characteristics,480,x
characterized,568,x
characters,61,
charcoal,12,
charge,50,
charts,13,
check,10,
checklist,9,
cheese,35,
chelating,20,
chemical,457,
chemistry,30,
chemokines,13,
chemotherapy,25,
chi,33,
chiapas,35,
chicken,24,
chihuahua,9,
chihuahuan,24,
chihuahuan_desert,23,
child,41,
childhood,23,
children,143,
chile,15,
china,17,
chinese,12,
chiroptera,22,
chirostoma,15,
chirostoma_humboldtianum,10,
chitin,23,
chitinases,11,
chitosan,27,
chloramphenicol,10,
chlorella,10,
chloride,39,
chlorine,17,
chloro,13,
chloroform,45,
chlorogenic,19,
chlorophenol,12,
chlorophyll,25,
chloroplast,21,
chloroplast_encoded,14,
choice,35,
cholesterol,75,
choline,14,
cholinergic,17,
choose,12,
chosen,28,
chow,9,
chromatid,10,
chromatin,17,
chromatographic,25,
chromatography,135,
chromium,24,
chromosome,45,
chronic,200,
chrysogenum,18,
ciencias,26,
ciliate,11,
cip,10,
circadian,10,
circuit,9,
circular,59,
circular_dichroism,37,
circulating,45,
circumference,18,
circumstances,9,
cis,17,
cisplatin,11,
citrate,12,
citric,13,
citrus,17,
city,263,
ciudad,13,
cla,9,
clade,33,
cladodes,12,
claimed,14,
clarify,33,
class,77,x
classical,36,
classification,86,
classified,132,x
clays,15,
clean,32,
clear,118,
clearly,61,x
climate,80,
clinica,11,
clinical,348,
clinicians,10,
clinico,12,
clinico_pathological,10,
clinicopathological,16,
clomipramine,9,
clonal,15,
cloned,42,
close,187,x
closer,21,
closest,12,
clostridium,10,
cloud,21,
cluster,101,
cns,13,
coa,12,
coagulation,9,
coalescence,13,
coarse,10,
coast,78,
coastal,73,
coatings,33,
coatis,9,
cod,36,
coding,61,
coefficient,112,
coexistence,24,
coffee,27,
coffee_pulp,14,
cognitive,48,
coherence,9,
cohesiveness,24,
cohort,69,
coi,17,
coil,12,
coincide,26,
cold,45,
colegio,12,
coli,97,
coliforms,12,
collaborative,25,
collagen,24,
collapse,11,
collected,416,
college,22,
colloidal,10,
colocalization,9,
colombia,15,
colonies,54,
colonization,68,
color,112,
colorectal,10,
colour,32,
column,78,x
columnar,23,
columnar_cacti,11,
com,13,
combined,280,
combustion,15,
comet,18,
coming,38,
commercial,220,
common,275,
commonly,82,
communicable,20,
community,287,
como,13,
comorbidity,40,
compact,36,
company,16,
compared,1231,x
comparison,282,
compartment,22,
compatible,13,
compensated,20,
compensatory,14,
competing,29,
competition,64,
competitors,10,
compilation,23,
complementary,18,
complemented,28,
complete,308,x
complex,349,
compliance,10,
complications,55,
comply,12,
components,314,x
composed,49,
composition,320,x
compost,15,
compounds,585,
comprehensive,61,x
compression,16,
comprised,75,
compromise,26,
computational,65,
concentration,1131,
concept,55,
conceptual,14,
concerning,111,x
concluded,203,x
conclusions,914,x
concolor,11,
concomitant,30,
concomitantly,12,
concordance,12,
concurrent,16,
condensed,29,
conditions,912,x
conducted,368,x
conferring,31,
confidence,71,
confidence_interval,48,
configuration,32,
confinement,19,
confirmed,275,
conflict,17,
confocal,33,
conformation,58,
confounding,11,
confused,11,
congenital,18,
conidia,40,
conidial,23,
conjugated,27,
conjunction,15,
connectivity,78,
consecutive,77,x
consensus,18,
consequences,177,
conservation,189,
considerable,142,
considered,539,x
consistent,303,
consolidation,20,
consortium,55,
conspicuous,10,
constant,168,
constituents,30,
constitute,114,x
constrained,10,
constraints,15,
constructed,110,
consultation,11,
consumed,175,
consumption,265,
contact,83,
containing,424,x
contaminated,130,
contemporary,13,
content,517,x
context,100,
continent,17,
continental,10,
continuous,228,
contraceptive,16,
contractility,13,
contraction,45,
contrary,31,
contrast,274,
contribute,358,
contributors,16,
control,1057,
controversial,38,
convective,12,
convenience,16,
conventional,93,
convergence,16,
conversion,144,
converted,42,
cooking,51,
cooling,13,
cooperation,24,
coordination,37,
cope,24,
copies,17,
copper,49,
copulate,14,
copulatory,24,
coral,39,
cord,45,
core,45,
corn,83,
coronary,14,
coronavirus,14,
corporal,18,
corpus,18,
correct,64,x
correctly,22,
correlation,464,
corresponding,210,x
corroborated,52,
corrosion,13,
cortex,44,
cortical,64,
corticosterone,29,
cortisol,19,
cosmetic,15,
cost,108,
costa,28,
costa_rica,18,
counseling,10,
counteract,21,
counterparts,29,
countries,253,
counts,110,
county,9,
coupled,109,
course,52,
cov,20,
covalent,21,
covariates,23,
cover,93,
coverage,35,
covid,33,
cows,76,
cox,29,
crayfish,9,
created,58,
creatine,10,
creatinine,9,
creative,16,
creative_commons,13,
cresol,21,
crisis,10,
criteria,123,
criterion,32,
critical,124,
crop,59,
cross,216,
cross_sectional,98,
crosslinking,9,
crossover,17,
crucial,73,x
crude,65,
crustacean,12,
cruz,12,
cruzi,20,
cryopreserved,12,
cryptic,9,
crystal,51,
crystallinity,47,
csiro,16,
cuba,9,
cubic,9,
cucurbita,13,
cucurbita_ficifolia,12,
cues,11,
cuicatlan,23,
cultivars,9,
cultivated,94,
culture,579,
cumulative,21,
cumulus,11,
curcumin,10,
cure,13,
curema,27,
currently,117,
curve,114,
cut,50,
cutaneous,13,
cuticle,9,
cyanobacteria,20,
cyclase,11,
cycle,234,
cyclic,36,
cyclic_voltammetry,9,
cyclooxygenase,12,
cylindrical,11,
cyp,20,
cys,12,
cysteine,26,
cystic,12,
cysts,9,
cytochrome,33,
cytokeratin,13,
cytokines,111,
cytometry,58,
cytoplasmic,37,
cytoskeletal,11,
cytoskeleton,18,
cytosol,42,
cytotoxic,74,
daily,212,
dairy,95,
dalys,13,
dam,36,
damage,273,
dangerous,9,
dark,46,
data,882,
database,65,
dataset,16,
date,77,x
datura,11,
datura_stramonium,10,
days,773,
ddt,12,
deactivation,12,
dead,18,
deal,35,
death,173,
debate,11,
decades,60,
decay,30,
december,25,
decided,9,
deciduous,16,
decision,40,
decision_making,20,
declaration,9,
decline,88,
decomposition,15,
decondensation,13,
decreased,1066,x
decrement,22,
deep,27,
deeper,13,
deer,13,
defects,32,
defence,9,
defense,42,
deficiency,60,
deficit,34,
defined,191,x
definition,29,
deformed,12,
degeneration,14,
degenerative,12,
degradation,234,
degree,134,
dehydration,28,
dehydroepiandrosterone,15,
dehydrogenase,39,
del,92,
delay,70,
deleterious,21,
deletion,26,
delimitation,17,
delivered,22,
delivery,32,
delta,9,
demand,75,
dementia,9,
demographic,115,
demography,11,
demonstrated,462,x
denaturation,47,
denitrification,28,
denitrifying,31,
dense,25,
density,235,
dental,73,
dentate,10,
dentists,14,
dentition,11,
deoxy,10,
department,36,
dependent,522,x
depicted,15,
depletion,35,
deposition,57,
depression,92,
deprivation,23,
depth,57,
deregulation,16,
derivatives,337,
descendants,11,
described,412,
description,116,
descriptors,20,
desert,42,
design,393,
desirable,41,
desorption,12,
despite,133,x
destabilization,10,
destroy,10,
destruction,27,
detailed,81,x
detected,519,x
detector,15,
detergent,40,
detergent_fiber,12,
deterioration,45,
determined,1273,x
detoxification,9,
detrimental,30,
devastating,9,
development,901,
developmental,26,
deviation,36,
device,36,
dft,12,
dgge,10,
dha,10,
dht,34,
diabetes,138,
diabetes_mellitus,49,
diagnosed,61,
diagnosis,120,
diagnostic,87,
dialysis,10,
diameter,111,
diarrhea,18,
diarrhoea,9,
diarrhoeal,11,
diastolic,10,
diatoms,17,
diaz,16,
dichloromethane,17,
dichlorophenoxyacetic,10,
dichroism,37,
died,30,
diel,18,
diene,18,
diet,190,
dieta,9,
dietary,85,
differences,66,x
different,1982,x
differential,297,
difficult,57,
difficulty,19,
diffraction,45,
diffusion,75,
digestibility,170,
digital,17,
dihydro,14,
dihydrotestosterone,45,
diluted,36,
dimensional,39,
dimensions,35,
dimer,39,
dimethyl,20,
diminished,133,
diminution,20,
dinoflagellates,18,
dione,23,
dioxide,36,
diphenyl,14,
diphenyl_picrylhydrazyl,9,
dipped,10,
diptera,11,
direct,179,
directly,110,
disability,39,
disadvantages,11,
disappearance,33,
disc,9,
discarded,12,
discharge,33,
disclosed,16,
discontinuous,13,
discovered,21,
discovery,36,
discrete,16,
discriminant,85,
discussed,150,x
disease,505,
dishes,10,
disinfection,11,
dismutase,50,
disorders,196,
disparities,12,
dispersal,130,
displacement,31,
displayed,190,
disposal,10,
disruption,84,
disruptor,14,
dissected,28,
dissemination,13,
dissimilar,14,
dissociation,21,
dissolution,24,
dissolved,48,
distal,20,
distance,74,
distilled,19,
distinct,112,x
distinguished,64,x
distortion,11,
distress,9,
distribution,500,x
district,23,
disturbance,62,
disulfide,20,
diuretic,12,
diurnal,18,
divergence,50,
diversification,10,
diversified,9,
diversity,312,
divided,128,
division,18,
dmfs,14,
dmft,13,
dmi,9,
dna,245,
docking,58,
documented,91,
dodecyl,10,
dogs,34,
domain,69,
domestic,58,
dominant,128,
donation,11,
donor,45,
dopamine,29,
dopaminergic,25,
doped,16,
dordrecht,41,
dorsal,28,
dos,14,
dosage,28,
dose,366,
double,79,
dough,17,
downregulation,30,
downstream,9,
dpph,25,
dpph_abts,9,
dramatically,20,
drastically,32,
drawn,13,
draws,21,
dried,61,
drift,11,
drinkers,16,
drinking,81,
driven,47,
drivers,25,
driving,34,
drop,39,
droplet,22,
drought,18,
drug,310,
dry,346,
dsc,14,
dsm,39,
dual,47,
duct,11,
duplication,11,
durango,10,
durante,10,
duration,86,
dwelling,14,
dye,21,
dynamics,212,
dysfunction,50,
dyslipidemia,12,
dysregulation,11,
ear,41,
ear_edema,21,
earlier,37,
early,236,
earth,9,
easily,42,
east,24,
eastern,61,
easy,29,
eating,33,
ecg,12,
eco,10,
ecological,163,
economic,158,
economy,15,
ecosystem,115,
ecotoxicological,10,
ecs,10,
ecuador,11,
edema,41,
edge,21,
edible,38,
edition,9,
eds,16,
edta,12,
education,75,
educational_attainment,10,
eeg,23,
efecto,21,
effect,2118,x
effector,11,
effects,66,x
efficacy,71,
efficiency,366,
effluent,43,
efforts,98,x
eggs,59,
eighteen,15,
eighty,17,
eis,9,
ejaculation,50,
ejaculatory,10,
elaborated,19,
elasticity,24,
elderly,27,
electrical,57,
electrochemical,32,
electrode,36,
electroencephalographic,11,
electrolyte,21,
electron,208,
electron_microscopy,39,
electrophilic,10,
electrophoresis,50,
electrophoretic,20,
electrophysiological,12,
electrostatic,26,
elemental_sulfur,18,
elementary,14,
elements,131,
elevated,91,
elicited,56,
elimination,94,
elisa,49,
ellagic,14,
ellagitannins,10,
ellipsoid,9,
elongation,24,
elsevier_science ,1,x
elsevier,1058,x
elucidate,80,
emax,9,
embedded,13,
embryonic,19,
embryos,53,
emergency,126,
emergency_department,19,
emissions,66,
emitted,16,
emotional,30,
emphasis,17,
emphasized,28,
empirical,38,
employed,146,x
employer,10,
emulsifying,23,
emulsions,42,
enabled,57,
enantiomeric,10,
enantioselectivity,11,
encapsulated,42,
encoding,88,
encompasses,17,
encountered,20,
encourage,23,
end,180,x
endangered,33,
endemic,108,
endo,9,
endocannabinoid,10,
endocrine,42,
endocrine_disruptor,13,
endocrinology,10,
endogenous,47,
endometrial,11,
endometrium,13,
endophytic,10,
endoplasmic,9,
endoplasmic_reticulum,9,
endothelial,32,
endothermic,9,
ene,12,
energetic,34,
energy,265,
engaging,9,
engineering,67,
enhanced,284,
enlarged,11,
enriched,95,
enrolled,11,
ensemble,16,
ensiling,11,
ensure,44,
entamoeba,23,
entamoeba_histolytica,22,
enteric,31,
enterococcus,11,
enterprises,10,
enthalpy,41,
entire,48,
entity,31,
entomological,15,
entomopathogenic,17,
entrapped,17,
entre,14,
entropy,23,
entry,17,
environment,258,
environmental,321,
enzymatic,137,
enzyme,457,
eosin,14,
epa,18,
epidemic,11,
epidemiological,66,
epidermal,10,
epidermis,10,
epididymal,23,
epididymis,17,
epigenetic,16,
epilepsy,21,
epileptic,9,
epiphytic,17,
episodes,26,
epithelial,92,
epithelium,49,
eps,9,
equal,65,x
equation,92,
equatorial,10,
equilibrium,39,
equipment,24,
equivalent,62,
eradication,9,
erk,22,
erosion,19,
error,49,
erythematosus,14,
erythrocytes,23,
escherichia,82,
escherichia_coli,80,
especially,155,x
espejo,9,
essential,157,
established,362,x
estado,11,
este,13,
ester,84,
esterase,16,
esterification,11,
esterified,11,
estimated,490,x
estradiol,71,
estrogen,58,
estrous,19,
estrus,24,
estuarine,18,
estuary,21,
estudio,12,
ethanol,83,
ether,21,
ethnic,31,
ethnopharmacological,20,
ethnopharmacological_relevance,15,
ethyl,58,
ethylene,20,
etiology,38,
eukaryotic,10,
europe,21,
european,50,
eutrophic,13,
evaluacion,11,
evaluated,1623,x
evans,9,
evaporation,11,
evenness,12,
events,137,
eventually,29,
evidence,386,
evidenced,56,
evoked,28,
evolution,97,
evolutionary,40,
evolved,38,
ewes,20,
exacerbated,15,
exact,15,
examined,354,
example,62,x
exceed,19,
exceeded,27,
excellent,50,
exception,45,
excess,70,
exchange,88,x
excipient,12,
excision,14,
excitation,22,
excitotoxic,17,
excluding,19,
exclusive,141,
excretion,19,
exercise,34,
exerted,111,
exhaust,27,
exhibited,363,x
existence,210,
exogenous,52,
exons,13,
exopolysaccharide,12,
expanded,52,
expansion,56,
expected,145,x
expenditure,15,
expensive,29,
experienced,60,
experimental,405,
experiments,435,
expert,18,
explain,225,x
explanation,19,
explants,19,
explicit,14,
explicitly,13,
exploitation,25,
exploratory,23,
explored,261,
exponent,12,
exponential,25,
export,14,
exposed,227,
exposure,237,
expression,585,x
expulsion,10,
extended,78,
extensive,108,
extent,109,
external,55,
extinction,22,
extra,23,
extracellular,75,
extract,462,x
extreme,62,
exudates,12,
eye,42,
eye_movement,19,
fabaceae,13,
face,85,
facial,12,
facilitate,94,
facilities,18,
fact,77,
factorial,51,
factorial_arrangement,20,
factors,761,
faecal,11,
faeces,14,
failed,38,
failure,42,
fall,29,
false,14,
family,216,
far,66,
farmers,20,
farms,93,
farrowing,16,
fashion,13,
fast,83,x
faster,51,
fat,129,
fatal,24,
fate,15,
fattening,15,
fatty,126,
fatty_acids,74,
fauna,22,
favorable,131,x
favoured,36,
feasibility,65,
features,187,
february,41,
fecal,28,
feces,18,
fecundity,17,
fed,186,
federal,26,
feed,216,
feedback,12,
feeder,13,
feedlot,16,
fejerskov,9,
felids,13,
fell,12,
female,345,
fermentation,295,
fern,26,
fertility,150,
ferulic,14,
fetal,50,
fever,10,
fewer,35,
fiber,84,
fibre,27,
fibrillation,9,
fibroblasts,29,
fibrolytic,10,
fibroma,12,
fibrosis,12,
fibrous,16,
ficifolia,12,
ficus,22,
field,199,
fifth,18,
fight,10,
figure,44,
figure_fulltext,23,
filamentous,55,
files,9,
filled,27,
films,29,
filter,42,
filtration,26,
fin,10,
finally,331,x
financial,10,
finasteride,28,
findings,442,x
fine,44,
fingerprinting,11,
finishing,33,
firmicutes,13,
firmness,23,
firstly,9,
fish,160,
fisher,15,
fisheries,36,
fitc,10,
fitted,109,
fixed,52,
flame,9,
flank,23,
flank_organs,16,
flasks,23,
flavonoids,50,
flavor,23,
flavour,11,
flexibility,19,
floating,9,
flood,13,
flora,23,
floral,38,
flores,11,
floristic,20,
flour,39,
flow,203,
flow_cytometry,56,
flowers,75,
fluctuations,40,
fluid,67,
fluidized,11,
fluidized_bed,10,
fluorescence,87,
fluoride,26,
fluorometric,11,
fluorosis,16,
flux,33,
fly,18,
fly_anastrepha,9,
foam,35,
focal,20,
focus,53,
focused,113,x
fodder,10,
fold,141,
foliage,11,
folk,13,
follicles,49,
follicular,35,
followed,615,x
food,328,
forage,58,
forced,85,
forced_swimming,26,
forest,125,
form,430,
formal,16,
formaldehyde,9,
formalin,22,
formation,271,
formula,17,
formulations,99,
forward,11,
foster,15,
foundation,44,
fourier,31,
fourier_transform,21,
fourteen,19,
fourth,33,
fractal,13,
fraction,255,
fracture,16,
fragments,105,
frame,18,
framework,53,
france,12,
francis,157,x
free,274,
freely,14,
freeze,26,
french,10,
frequency,260,
frequent,189,
fresh,93,
freshwater,30,
frey,10,
friendly,18,
frontal,23,
frozen,15,
fructose,21,
fruit,150,
fsh,20,
fst,25,
ftir,40,
fuel,26,
fuentes,12,
fulfill,10,
fulltext,29,
fully,69,x
functional,675,
fundamental,45,
funding,34,
funding_melinda,25,
fungal,106,fungi
fungi,106,fungi
fungicidal,10,
fungus,74,fungi
fur,15,
furthermore,209,x
fusarium,28,
fused,14,
fusion,15,
future,132,
gaba,16,
gabaergic,10,
gae,10,
gain,168,
galactose,13,
galactosidase,11,
gallic,24,
gamete,17,
gametophytes,12,
gamma,32,
gap,52,
garcia,20,
garden,19,
gas,138,
gaseous,21,
gases,16,
gasoline,13,
gastric,33,
gastrointestinal,44,
gates,34,
gates_foundation,25,
gathered,33,
gaussian,21,
gavage,15,
gave,43,
gbd,39,
gel,111,
gel_electrophoresis,37,
gelatinized,49,
gelation,9,
gen,10,
genbank,22,
gender,83,
gene,449,
genera,80,
general,621,x
genetic,296,
genital,15,
genome,96,
genotoxic,21,
genotype,120,
genus,187,
geographic,135,
geography,17,
geometric,29,
geometry,20,
georg,10,
georg_thieme,9,
geostatistical,12,
germ,31,
germany,84,x
germination,103,
gesellschaft,16,
gestation,45,
ghost,9,
giant,18,
giardia,11,
gill,12,
gingival,11,
girls,19,
given,160,x
gives,43,
gland,62,
glass,29,
glial,10,
glibenclamide,15,
global,170,
globulin,10,
glu,17,
glucocorticoid,14,
glucose,270,
glucosidase,18,
glucoside,13,
glut,18,
glutamate,31,
glutamatergic,10,
glutathione,90,
gluten,11,
glycemia,14,
glycerol,36,
glycine,15,
glycol,22,
glycolysis,10,
glycolytic,10,
glycoprotein,19,
glycosides,11,
gmbh,159,
gmbh_germany,78,x
gmbh_kgaa,46,
goal,64,
goats,43,
gold,16,
golden,13,
gomez,9,
gonadal,20,
gonadectomized,28,
gonadotrophin,10,
gonadotropin,12,
gonzalez,29,
good,219,
gout,11,
government,57,
gpx,23,
grade,59,
gradient,68,
gradually,39,
grafted,9,
grain,68,
gram,65,
granular,23,
granules,46,
granulomas,11,
granulosa,18,
graphic_abstract,9,
graphical,26,
grass,29,
grassland,12,
gravimetric,9,
gray,20,
grazing,31,
great,117,
greater,340,x
greatest,81,
greatly,25,
green,66,
greenhouse,32,
grew,28,
gross,22,
ground,33,
groundwater,18,
group,1122,
growing,180,
grown,109,
growth,639,
gruyter,21,
gsh,49,
gsh_gssg,15,
gsp,11,
gsp_india,11,
gssg,17,
gst,12,
gtpase,10,
guarantee,17,
guatemala,17,
guerrero,24,
guide,53,
guidelines,28,
guilds,9,
guinea,27,
guinea_pig,17,
gulf,112,
gum,32,
gut,25,
habitat,116,
habits,43,
habituation,11,
hair,16,
half,103,x
hallmarks,10,
hamsters,48,
hand,139,
handling,42,
haplotype,29,
happened,10,
harbors,19,
hardness,72,x
harmful,39,
harvest,76,
harzianum,9,
hatching,25,
hay,21,
hazard,27,
hch,10,
hcl,19,
hco,14,
hct,12,
hdl,14,
head,49,
head_neck,11,
headache,11,
headspace,10,
healing,23,
health,466,
healthcare,40,
healthy,205,
heart,67,
heartbeat,9,
heat,118,
heavier,9,
heavily,13,
heavy,65,
hechtia,10,
heidelberg,39,
height,58,
hela,12,
helical,15,
helix,18,
helminth,9,
help,161,x
hematocrit,11,
hematoxylin,10,
hematoxylin_eosin,9,
hemicellulose,10,
hemisphere,10,
hemodynamic,13,
hemoglobin,28,
hemolytic,9,
hens,9,
heparin,15,
hepatic,61,
hepatocellular,10,
hepatocellular_carcinoma,9,
hepatocytes,34,
hepg,15,
herb,13,
herbal,22,
herbarium,13,
herbicides,14,
herbivores,24,
herbivory,9,
herd,21,
heritability,14,
hernandez,30,
heterogeneous,93,
heterologous,10,
heterotrophic,11,
heterozygous,16,
hexadecane,11,
hexane,51,
hgf,11,
hidalgo,25,
hidden,9,
hierarchical,21,
higher,1115,x
highest,479,
highlands,28,
highlight,112,x
highly,246,x
hill,12,
hindered,19,
hippocampal,20,
hippocampus,39,
hispanic,17,
histamine,13,
histidine,11,
histochemical,9,
histological,102,
histolytica,23,
histopathological,59,
historical,52,
history,85,
hiv,56,
hoc,13,
holding,37,
hole,14,
holstein,42,
home,37,
homeostasis,45,
homogeneous,73,
homology,40,
homozygous,13,
horizontal,15,
hormetic,10,
hormone,130,
horses,18,
hospital,59,
host,93,
hot,40,
hours,127,
housed,49,
household,42,
hpa,9,
hplc,64,
hpv,17,
hrt,13,
hrv,10,
hsd,9,
hsp,12,
http,14,
human,502,
humana,9,
humboldtianum,12,
humidity,45,
humoral,9,
hybrid,85,
hydration,28,
hydraulic,24,
hydroalcoholic,9,
hydrocarbons,66,
hydrochloride,12,
hydrodynamic,29,
hydrogen,84,
hydrogen_peroxide,21,
hydrolase,15,
hydrological,10,
hydrolysates,31,
hydrolysis,87,
hydrolytic,17,
hydrolyzed,31,
hydrophilic,24,
hydrophobic,68,
hydrothermal,9,
hydroxy,50,
hydroxybutyrate,11,
hydroxyl,22,
hydroxylase,9,
hygiene,23,
hyperalgesia,11,
hyperglycemia,20,
hyperplasia,15,
hypertension,30,
hyphae,11,
hyphal,9,
hypochondriacus,11,
hypoglycemic,39,
hypothalamic,26,
hypothalamus,33,
hypothesis,106,
hypothesized,44,
hypoxia,19,
hypoxic,13,
μmol,29,
icr,14,
idea,34,
ideal,20,
ideation,17,
identification,203,
identified,741,x
identity,95,
ifn,33,
iga,19,
igf,13,
igg,14,
iii,123,x
ileum,17,
illness,37,
illustrated,83,x
images,90,
imbalance,25,
immature,22,
immediately,65,x
immersion,28,
immigrants,9,
immobility,17,
immobilization,49,
immune,114,
immunoassay,13,
immunodeficiency,13,
immunoexpression,17,
immunofluorescence,28,
immunoglobulin,17,
immunohistochemical,60,
immunohistochemistry,52,
immunological,32,
immunomodulatory,10,
immunoreactive,16,
immunosorbent,20,
immunosuppression,11,
impacts,63,
impairment,146,
impedance,32,
implantation,33,
implementation,118,
implications,129,
implies,44,
important,857,x
importantly,13,
imposed,19,
impregnated,20,
improved,638,x
imss,20,
inactivation,46,
inactive,21,
inadequate,11,
inbreeding,10,
incidence,93,
including,825,x
inclusion,74,
income,86,x
incomplete,22,
inconsistent,12,
incorporation,134,
increased,1445,x
increasingly,31,
increment,70,
incubation,173,
ind,26,
independent,217,
index,331,
india,35,
indian,11,
indica,29,
indicate,1085,x
indigenous,28,
indirect,38,
indirectly,15,
individuals,419,
indole,15,
indomethacin,22,
indoor,10,
induced,839,x
induction,119,
industrial,265,
industrybackground,23,
ineffective,20,
inequalities,22,
inert,32,
inexpensive,15,
infants,22,
infarction,9,
infection,268,
infectious,45,
inferred,57,
infertility,17,
infested,23,
infiltration,28,
inflammation,116,
inflammatory,251,
inflorescences,15,
influence,420,
informa,101,
information,385,
infrared,46,
infrastructure,15,
infrequent,14,
infusions,23,
ingestion,18,
ingredients,49,
inhabitants,44,
inhalants,9,
inherent,10,
inherited,13,
inhibition,475,
inhibitors,208,
inhibitory,165,
initial,336,x
injection,142,
injured,26,
injury,154,
inlet,22,
innate,21,
inner,20,
innovative,35,
inocula,14,
inoculated,102,
inoculum,45,
inorganic,37,
inositol,12,
inputs,48,
insect,50,
insecticidal,26,
insectivorous,9,
insemination,26,
insensitive,13,
inserted,28,
inside,51,
insights,90,x
insoluble,15,
inspected,9,
installation,10,
instance,20,
instantaneous,9,
instead,46,
institute,153,x
instituto,28,
instituto_nacional,17,
instruments,58,
insufficient,24,
insular,14,
insulin,80,
insult,15,
insurance,11,
intact,45,
intake,125,
integrity,157,
intended,20,
intensity,155,
intention,17,
inter,31,
interaction,420,
intercellular,12,
interception,13,
interconnected,9,
interesting,65,x
interestingly,72,x
interface,28,
interfacial,11,
interference,45,
interfering,15,
interferon,31,
interleukin,61,
intermediate,116,
intermittent,21,
international,233,
interpersonal,12,
interpretation,100,
interquartile,10,
interspecific,14,
interstitial,13,
intertidal,10,
interval,178,
intervention,93,
interviews,69,
intestinal,88,
intestinalis,9,
intoxication,18,
intra,51,
intra_partum,10,
intracellular,97,
intragastric,11,
intrapartum,12,
intraperitoneal,41,
intraspecific,9,
intravaginal,9,
intravenous,12,
intrinsic,47,
introduced,51,
introduction,86,x
intromission,27,
inulin,15,
invade,14,
invasive,79,
inventory,16,
inverse,61,x
investigated,501,x
investment,22,
invited,11,
involved,520,x
ion,90,
ionic,32,
ionization,21,
ios,9,
iqr,9,
ireland,57,
iron,28,
irradiation,33,
irregular,18,
irrespective,13,
irreversible,31,
irrigation,12,
ischemia,19,
ischemic,15,
isla,13,
islands,51,
isoelectric,16,
isoenzymes,9,
isoforms,33,
isolated,479,
isomerase,27,
isomers,25,
isothermal_titration,9,
isotherms,28,
issues,62,x
isthmus,10,
italy,9,
items,29,
ivdmd,10,
ivf,14,
jaguar,17,
jaguar_panthera,11,
jalisco,20,
january,43,
japan,33,
japanese,26,
jimenez,10,
john,118,x
john_wiley,116,x
joint,24,
jose,9,
journal,89,x
journal_compilation,9,
juarez,11,
judged,23,
juice,24,
july,32,
junction,20,
june,35,
justify,11,
juvenile,43,
kappa,10,
karger,23,
kcal,20,
kcl,16,
kda,81,
keeping,16,
kept,33,
ketones,9,
kgaa,46,
kidney,43,
killed,25,
killifish,12,
kinase,57,
kind,55,
kinetic,240,
kinetin,13,
king,13,
kit,16,
kluwer,39,
kluwer_academic,18,
kluyveromyces,13,
knee,9,
know,44,
knowledge,199,
known,357,
korean,13,
kruskal,12,
kruskal_wallis,11,
kunth,16,
lab,33,
labeled,76,
labor,19,
laboratory,109,
laccase,32,
lack,163,
lactalbumin,9,
lactation,120,
lactic,90,
lactis,19,
lactobacilli,11,
lactobacillus,65,
lactobacillus_plantarum,18,
lactococcus,12,
lactococcus_lactis,9,
lactone,10,
lactose,29,
lag,46,
lagoon,74,
laguna,15,
lake,35,
lambs,65,
lamina,15,
lamina_propria,14,
land,54,
landmarks,12,
landrace,21,
landscape,46,
langmuir,10,
language,15,
largely,50,
larger,136,x
largest,74,x
larvae,74,
larval,33,
las,35,
laser,19,
lasted,45,
late,67,x
latency,50,
later,131,x
latex,10,
latin,101,
latin_america,55,
latitude,9,
lattice,9,
laurencia,24,
law,17,
layer,83,
laying,9,
ldl,10,
lead,285,x
leaf,57,
lean,12,
learning,40,
leaves,121,x
lecanicillium,9,
lecanii,10,
lectin,19,
led,94,
left,51,
leg,11,
legal,17,
legislation,10,
legumes,12,
leguminosae,19,
length,158,
leon,11,
lepidoptera,19,
lepidoptera_noctuidae,11,
leptin,20,
lerma,11,
lesions,142,
lesser,47,
lethal,42,
leu,9,
leucine,11,
leukemia,10,
leukocyte,19,
leukoplakia,10,
levels,1184,
libitum,18,
library,32,
licence,88,x
license,20,
licensebackground,22,
licensee,174,
liebert,24,
lies,11,
life,240,
lifespan,14,
lifestyle,15,
lifetime,27,
ligand,67,x
ligation,15,
light,157,
lignin,18,
lignocellulosic,15,
like,443,x
likelihood,27,
likewise,52,
limb,18,
lime,15,
limited,423,
limited_trading,43,
line,181,
lineage,38,
linear,173,
linearly,29,
linkage,13,
linked,200,x
linked_immunosorbent,20,
linoleic,20,
lip,10,
lipase,33,
lipid,204,
lipid_peroxidation,79,
lipoperoxidation,11,
lipophilic,16,
lipopolysaccharide,19,
lipoprotein,20,
lippincott,11,
lippincott_williams,10,
liquid,158,
liss,28,
list,43,
listeria,19,
listeria_monocytogenes,11,
liter,9,
literature,103,
litopenaeus,24,
litopenaeus_vannamei,11,
litter,27,
little,129,
lived_disability,15,
liver,124,
livestock,31,
living,196,
llc,160,
load,118,x
lobes,17,
local,285,
located,253,
loci,31,
locomotion,11,
locomotor,15,
locus,12,
log,41,
logarithmic,10,
logistic,86,
logistic_regression,65,
long,259,
long_term,113,
longer,93,
longevity,18,
longissimus,11,
longitudinal,43,
looking,27,
loop,27,
loose,15,
lopez,27,
lordosis,13,
los,43,
lose,26,
loss,262,
lost,66,
lotor,9,
lovastatin,9,
low,800,x
lower,634,x
lowest,145,x
lps,30,
ltdthe,38,
ludens,9,
luis,12,
luisana,14,
lumen,11,
lung,66,
lupus,19,
lupus_erythematosus,14,
luteinizing,12,
lymph,11,
lymphocytes,64,
lymphoma,12,
lys,16,
lysine,18,
lysosomal,9,
lysozyme,10,
maceration,10,
macro,19,
macrobrachium,10,
macrophages,39,
macroscopic,12,
madre,23,
magnesium,18,
magnetic,49,
magnetic_resonance,37,
magnitude,60,
magnolia,38,
magnolia_press,29,
main,390,
mainly,288,x
maintained,186,
maintenance,70,
maize,91,
major,292,x
makers,9,
making,117,
malaria,16,
malathion,9,
maldi,9,
male,424,
malformations,10,
malignant,48,
malnourished,41,
malnutrition,63,
malondialdehyde,24,
mammalian,29,
mammals,57,
mammary,18,
mammary_gland,9,
mammillaria,10,
man,11,
management,201,
mandible,24,
manganese,16,
mango,18,
mangrove,15,
manifestations,51,
manipulation,32,
mann,13,
mann_whitney,13,
manner,81,x
manova,9,
manual,23,
manufacture,47,
manure,11,
manuscript,9,
map,90,
mapk,10,
march,43,
margins,54,
marias,9,
marine,87,
marked,59,
markedly,41,
markers,219,
market,61,
marrow,23,
martinez,23,
mary,26,
mary_ann,24,
mas,10,
masa,14,
masculine,27,
mass,257,
massive,22,
masson,28,
masson_sas,18,
matched,56,
material,341,
maternal,61,
mathematical,48,
mating,38,
matrices,26,
matrix,109,
matter,197,
maturation,133,
max,15,
maxent,9,
maxilla,12,
maxima,17,
maximal,79,x
maximum,334,
maya,14,
mays,21,
maze,21,
mcf,22,
mda,33,
mdpi,160,x
mdpi_basel,149,x
meal,23,
mean,461,x
measured,733,x
meat,93,
mechanisms,565,
mechanistic,14,
meconium,9,
media,388,
medial,24,
median,74,
mediated,223,
medica,13,
medical,107,
medicina,29,
medicine,175,
mediterranean,17,
medium,311,
medwell,21,
medwell_journals,21,
meet,42,
melanoma,16,
melatonin,22,
melinda,26,
mellitus,50,
members,107,
membrane,161,
memory,44,
men,87,
mendoza,11,
mental,62,
mentioned,36,
meoh,9,
mercury,16,
mesenchymal,17,
mesoamerican,10,
mesophilic,13,
mesoporous,10,
mesquite,26,
mesquite_gum,16,
messenger,10,
mestizo,31,
met,50,
meta,33,
metabolic,344,
metabolites,180,
metagenomic,19,
metal,129,
metalloproteinases,18,
metallothionein,16,
metaphase,11,
metarhizium,14,
metastases,14,
metastasis,13,
metastatic,9,
meteorological,12,
metformin,10,
methane,52,
methanogenesis,13,
methanogenic,23,
methanol,74,
methicillin,11,
methionine,28,
methodology,134,
methods,859,
methyl,115,
metrics,19,
metronidazole,11,
metropolitan,35,x
Mexican,669,x
mexicana,43,x
mexicanos,22,x
mexicanus,16,x
Mexico,1255,x
mic,14,
mice,233,
michoacan,15,
micro,34,
microaerobic,11,
microalgae,18,
microarray,13,
microbes,10,
microbial,144,
microbiology,66,
microbiota,21,
microcapsules,18,
microcosm,17,
microencapsulated,20,
microenvironment,22,
micrographs,27,
micronuclei,11,
micronucleus,9,
micronutrient,13,
microorganisms,111,
micrornas,11,
microsatellite,27,
microscopic,80,
microscopy,158,
microstructure,33,
microtubule,9,
microwave,16,
mid,15,
middle,69,x
migration,79,
mild,58,
milk,132,
millerichthys,13,
millerichthys_robustus,13,
million,62,x
mimic,14,
mimicking,16,
mimosa,28,
mimosoideae,10,
min,270,
minced,10,
mineral,107,
mini,15,
minimal,76,x
minimum,52,
mining,22,
minor,53,
minutes,42,
mir,16,
mirnas,11,
missing,23,
mitigation,26,
mitochondria,27,
mitochondrial,93,
mitosis,11,
mitotic,11,
mixed,204,
mixture,170,
mmhg,11,
mmol,33,
mmp,16,
mobility,60,
modalities,18,
mode,70,
model,986,
modelo,12,
moderate,157,
modern,19,
modest,9,
modification,104,
modified,280,
modulation,155,
modulatory,16,
moduli,12,
moiety,38,
moisture,84,
mol,71,
molar,40,
molasses,22,
mold,10,
molecular,459,
molecularly,11,
molecules,186,
moment,19,
monitoring,177,
monkeys,16,
mono,16,
monoclonal,15,
monoculture,11,
monocytes,19,
monocytogenes,13,
monomeric,15,
monomers,35,
mononuclear,14,
monophyletic,16,
monosodium,11,
monoxide,12,
monte,10,
monthly,36,
months,237,
mood,19,
morales,10,
morbidity,36,
morelos,23,
moreno,9,
morning,16,
morphine,10,
morphological,350,
morphometric,52,
morphometry,14,
mortality,174,
mosaic,14,
mothers,38,
motif,12,
motility,47,
motion,11,
motivation,32,
motor,70,
mould,10,
mountain,24,
mounting,40,
mouse,78,
mouth,23,
movement,60,
moving,20,
mpa,23,
mpp,9,
mri,16,
mrna,116,
mrsa,10,
mtdna,10,
mtt,15,
mucosa,32,
mucosal,27,
mugil,30,
mugil_cephalus,15,
mugil_curema,18,
mugilidae,12,
mullet,18,
mullet_mugil,10,
multi,41,
multicentric,9,
multifactorial,11,
multiparous,14,
multiple,196,
multivariate,91,
municipalities,61,
murashige,18,
murashige_skoog,18,
murine,37,
muscarinic,11,
muscle,115,
muscular,18,
musculoskeletal,10,
museum,13,
mutagenic,12,
mutant,67,
mutations,73,
mutual,12,
mycelia,14,
mycelial,17,
mycelium,26,
mycobacterium,11,
mycological,14,
mycorrhizal,22,
myocardial,10,
naa,9,
nacional,41,
nacl,38,
nadph,18,
nadph_oxidase,9,
nads,10,
naive,14,
naloxone,10,
named,43,
nanoparticles,31,
naproxen,9,
narica,11,
narrow,23,
nasal,9,
nasua,11,
nasua_narica,10,
national,176,
nationally_representative,10,
native,155,
natural,555,
nauplii,9,
ndf,23,
near,85,x
nearly,54,
necessarily,18,
necessary,164,
necessity,13,
neck,23,
necrosis,69,
nectar,10,
needed,161,x
negative,330,
neglected,17,
negligible,21,
nematode,14,
neonatal,69,
neoplasms,39,
neoplastic,12,
neotropical,28,
nerve,33,
nervous,52,
nest,33,
net,59,
network,116,
neural,36,
neurodegeneration,14,
neurodegenerative,32,
neuroendocrine,11,
neurological,30,
neurons,75,
neuropathic,19,
neuropathic_pain,17,
neurophysiological,9,
neuroprotective,34,
neurotoxicity,23,
neurotransmitter,20,
neutral,75,
neutral_detergent,29,
neutrophils,24,
newborn,44,
newly,22,
nicaragua,9,
niche,35,
nickel,9,
niger,77,
night,18,
nigra,9,
nile,10,
nile_tilapia,9,
ninety,17,
nino,9,
nitrate,76,
nitric,28,
nitric_oxide,28,
nitrification,29,
nitrifying,27,
nitrite,29,
nitro,18,
nitrogen,119,
nitrophenyl,11,
nixtamalized,16,
nmda,18,
nmol,15,
nmr,59,
nocardia,14,
nociception,30,
noctuidae,11,
nocturnal,15,
node,23,
nodules,15,
noise,11,
nomenclatural,11,
non,562,x
nonetheless,28,
nonlinear,21,
nonparametric,9,
nopal,12,
noradrenergic,12,
norepinephrine,12,
norethisterone,16,
normal,241,
norms,9,
norte,14,
north,80,x
northeastern,14,x
northern,75,x
northwest,12,
northwestern,17,x
nos,10,
nose,17,
notably,41,
noted,34,
noteworthy,12,
noticeable,25,
notion,23,
nourished,37,
nov,48,
novel,225,x
novelty,15,
november,32,
novo,17,
nowadays,18,
nrf,24,
nuclear,107,
nuclei,40,
nucleophilic,9,
nucleotide,40,
nucleus,45,
nuevo,13,
null,15,
number,583,x
numerous,95,
nurse,17,
nutraceutical,15,
nutrient,97,
nutritional,144,
oak,11,
oat,20,
oaxaca,77,
obesity,84,
objective,644,x
objetivo,9,
obligate,9,
observed,1180,x
obstructive,16,
obtained,1165,x
occasionally,15,
occasions,15,
occupational,26,
occupied,18,
occurred,401,
occurrence,85,x
ocean,59,
oceanographic,12,
october,31,
ocular,10,
odds,67,
odontogenic,54,
odor,14,
oestradiol,15,
oestrous,10,
oestrus,10,
offer,106,x
official,21,
offspring,34,
oft,10,
oil,152,
old,222,
older,79,x
oleanolic,10,
oleic,19,
oligomers,9,
oligosaccharides,18,
onca,15,
oncogenic,9,
oncology,10,
ones,67,x
ongoing,20,
online,15,
onset,93,
oocyte,49,
open,177,
operation,177,
opioid,12,
opportunistic,11,
opportunity,51,
opposed,9,
opposite,43,
optical,46,
optimal,161,
optimum,54,
option,50,
opuntia,39,
opuntia_ficus,20,
oral,238,
orange,31,
orchid,10,
order,512,x
ordinal,14,
oreochromis,12,
org,14,
organelles,11,
organic,554,
organochlorine,15,
orientation,44,
origin,179,
ornamental,19,
ors,9,
ortega,9,
ortho,10,
orthogonal,10,
oryzae,10,
oscillations,18,
osmotic,19,
osteoarthritis,10,
ostreatus,16,
outbreaks,12,
outcomes,133,
outdoor,12,
outer,18,
outline,15,
outpatients,17,
output,19,
outside,29,
outstanding,11,
ovarian,42,
ovariectomized,22,
ovary,34,
overall,274,x
overcome,29,
overestimation,9,
overexpression,48,
overflow,14,
overlap,37,
overload,15,
overlooked,9,
overproducing,10,
overview,16,
overweight,33,
ovulation,39,
owing,18,
owners,10,
oxalate,9,
oxford,23,
oxford_university,23,
oxidase,48,
oxidative,426,
oxidative_stress,157,
oxo,10,
oxygen,211,
oxytocin,14,
oysters,12,
ozone,17,
pace,10,
pacific,131,
packaging,29,
packed,50,
page,43,
pahs,23,
pai,13,
pain,83,
pairs,78,
pairwise,9,
palate,17,
palmitic,18,
panama,11,
panamensis,10,
pancreas,10,
pancreatic,33,
pandemic,19,
panel,27,
panthera,15,
papain,17,
papaya,11,
papillae,12,
papillomavirus,16,
par,13,
para,44,
paradigm,18,
paradoxical,10,
parallel,40,
parameters,438,
parametric,12,
parasite,86,
parental,54,
parity,11,
park,21,
parkinson,26,
partial,202,
participants,310,
particles,124,
particular,124,
particularly,174,
particulate,35,
partitioning,34,
partly,15,
partner,13,
parts,65,x
partum,13,
parturition,21,
pas,17,
passage,9,
passed,23,
passive,21,
past,75,
pasta,9,
pasture,26,
patches,30,
path,22,
pathogenesis,44,
pathogenic,120,
pathological,84,
pathophysiology,28,
pathway,232,
patients,445,
patterns,458,
pavona,9,
paw,22,
pbs,9,
pca,25,
pco,15,
pcp,9,
pcr,138,
pdna,16,
peak,96,
pear,14,
pearson,15,
pectin,24,
pectinase,12,
pediatric,15,
pediococcus,12,
pedro,9,
peel,26,
pelibuey,17,
pellets,22,
pellucida,12,
pen,24,
penaeus,13,
penaeus_litopenaeus,10,
penetration,23,
penicillin,22,
penicillium,29,
penicillium_chrysogenum,12,
peninsula,36,
pentane,10,
people,118,x
peptide,79,
perceived,34,
percent,54,
percentage,289,
percentile,13,
perception,57,
perennial,12,
perez,16,
performed,897,
perfusion,11,
pericarp,10,
pericentral,13,
perinatal,11,
period,525,
periodontal,16,
peripheral,76,
peritoneal,10,
perlite,16,
permanent,39,
permanent_dentition,10,
permeability,38,
permissions,21,
permitted,58,
peromyscus,11,
peroxidase,67,
peroxidation,113,
peroxisome,13,
peroxisome_proliferator,12,
persistence,91,
personal,59,
perspective,49,
perturbations,26,
peru,11,
pest,31,
pesticides,39,
pet,12,
petal,10,
petri,10,
petrochemical,11,
petroleum,28,
pharmaceutical,67,
pharmacodynamic,11,
pharmacognosy,9,
pharmacokinetics,19,
pharmacological,106,
phase,308,
phaseolus,11,
phaseolus_vulgaris,9,
phe,10,
phenolic,136,
phenology,16,
phenomena,30,
phenomenon,41,
phenotype,141,
phenyl,19,
phorbol,9,
phosphatase,14,
phosphate,65,
phospholipase,9,
phospholipid,10,
phosphorus,21,
phosphorylation,58,
photo,10,
photobioreactor,9,
photocatalyst,14,
photocatalytic,19,
photographs,15,
photosynthesis,9,
photosynthetic,24,
phthalate,11,
phycological,20,
phyla,13,
phylogenetic,110,
phylogeny,17,
phylogeographic,9,
physical,181,
physicians,13,
physico,12,
physicochemical,107,
physiological,264,
phytochemical,34,
phytoplankton,21,
phytoremediation,16,
picrylhydrazyl,9,
picture,10,
piece,11,
pifir,13,
piglets,33,
pigments,52,
pigr,9,
pigs,90,
pilot,24,
pine,12,
pinus,9,
pisces,16,
pit,15,
pituitary,32,
pivotal,10,
pka,11,
place,149,x
placebo,15,
placement,9,
plankton,22,
planning,55,
plant,456,
plantain,9,
plantarum,23,
plantations,14,
plantlets,9,
plaque,17,
plasma,166,
plasmid,36,
plastic,66,
plastid,10,
plate,48,
plateau,12,
platelet,13,
platform,27,
plausible,9,
play,227,
pleistocene,10,
pleurotus,22,
pleurotus_ostreatus,16,
plots,53,
plus,120,x
pneumonia,13,
pocillopora,12,
pocket,13,
pod,11,
point,217,
poisoning,10,
poisson,12,
polar,52,
policy,88,
polish,24,
polish_academy,20,
political,29,
pollen,18,
pollination,21,
pollution,154,
poly,24,
polyacrylamide,9,
polycyclic,32,
polycyclic_aromatic,32,
polyethylene,16,
polyherbal,11,
polymer,42,
polymerase,46,
polymerase_chain,40,
polymeric,37,
polymorphisms,73,
polynomial,12,
polypeptide,16,
polyphenol,37,
polysaccharide,22,
polyunsaturated,12,
polyurethane,32,
polyurethane_foam,29,
ponds,19,
pooled,42,
poor,112,
poorly,48,
popular,16,
population,600,
por,18,
porcine,39,
pore,34,
porites,14,
porites_panamensis,10,
pork,19,
porosity,10,
porous,27,
portion,37,
pose,23,
positive,530,
possess,88,x
possible,504,x
post,166,
posterior,29,
postharvest,18,
postnatal,17,
postoperative,10,
postpartum,21,
postulated,13,
pot,23,
potassium,40,
potato,13,
potency,47,
potent,68,
potential,795,x
potosi,9,
poultry,9,
poverty,10,
powder,36,
power,92,
ppar,13,
pparα,11,
pparγ,17,
ppm,37,
practices,194,
prawn,9,
pre,114,x
prebiotic,19,
preceding,24,
precipitation,54,
precise,47,
preclinical,15,
precursor,38,
predation,32,
predicted,268,
predictors,44,
predisposing,14,
predominant,68,
predominantly,22,
preference,93,
preferentially,28,
prefrontal,9,
pregnancy,53,
pregnant,31,
preliminary,33,
premature,25,
prenatal,14,
preoptic,12,
prepared,211,
presence,703,
presented,495,x
preserved,123,
press,140,x
pressure,124,
presumably,18,
pretreatment,65,
prevailing,19,
prevalence,241,
prevent,275,
previous,194,x
previously,266,x
prey,22,
primarily,36,
primary,190,
primates,11,
primers,23,
priming,17,
primiparous,12,
principal,118,x
principles,30,
prior,91,x
prioritize,12,
priority,48,
pristine,13,
private,27,
pro,79,
probably,221,
probe,46,
probiotic,44,
problem,179,
procedure,133,
process,881,
procyon,9,
produccion,12,
produced,850,x
production,1171,
proestrus,10,
professionals,24,
profile,322,
profitability,17,
profound,9,
progesterone,88,
progestins,27,
prognosis,33,
prognostic,21,
programme,24,
programs,124,
progress,159,
proinflammatory,25,
project,89,
proliferation,123,
proliferative,28,
prolonged,39,
prominent,25,
promising,91,
promote,246,x
prompted,16,
prone,19,
pronounced,34,
propagation,25,
proper,26,
properly,10,
properties,439,x
propionate,62,
proportion,203,
proposal,48,
propria,14,
prosopis,22,
prospective,41,
prostaglandin,14,
prostate,56,
protease,50,
protection,242,
protein,801,
proteinase,16,
proteobacteria,24,
proteolysis,12,
proteolytic,28,
proteomic,15,
protocol,83,
proton,20,
protozoa,10,
protozoan,22,
proved,74,x
proven,33,
provides,314,x
province,14,
provision,10,
provoked,28,
proximal,45,
psacalium,10,
pseudo,15,
pseudomonas,35,
pseudomonas_aeruginosa,12,
psychiatric,32,
psychological,13,
public,170,
published,349,x
puebla,35,
puerto,21,
puerto_vallarta,9,
puf,12,
pulmonary,26,
pulp,30,
pulses,63,
puma,12,
puma_concolor,10,
pumps,12,
pups,21,
purchase,11,
pure,43,
purification,29,
purified,90,
purity,14,
purple,15,
purpose,259,x
purpurea,10,
putative,52,
pyrene,14,
pyridin,9,
pyruvate,12,
qpcr,26,
qrt,12,
quadratic,29,
qualitative,50,
quality,321,
quantification,48,
quantified,186,
quantitative,102,
quantity,66,
quantum,27,
quarter,10,
quasi,9,
que,10,
quercetin,22,
quercus,10,
queretaro,10,
questionnaire,88,
questions,64,
quin,9,
quinolinic,10,
quinones,9,
quintana,12,
quintana_roo,12,
quintile,10,
quotient,15,
rabbit,69,
raccoons,10,
radial,22,
radiation,45,
radical,67,
radical_scavenging,17,
radioactive,15,
radiographic,13,
radiotherapy,12,
radius,18,
rain,20,
rainfall,32,
rainy,54,
rainy_season,38,
raised,47,
raman,10,
ramirez,14,
randomized,128,
randomly,118,
randomly_assigned,54,
range,538,x
rank,39,
rapid,110,x
rapidly,57,
rare,84,
rate,808,x
ratio,376,
rational,46,
rationale,9,
rats,481,
raw,62,
ray,84,
ray_diffraction,40,
rbcl,26,
rdna,28,
rds,9,
reached,253,x
reactants,12,
reacted,28,
reaction,279,
reactive,166,
reactor,129,
readily,27,
reading,16,
ready,10,
reagents,9,
realized,11,
rearing,29,
rearrangements,16,
reason,66,x
recalcitrant,15,
received,194,x
receiver_operating,9,
recent,272,
receptive,22,
receptor,305,
recessive,13,
reciprocal,11,
recirculation,10,
recognised,14,
recognition,56,
recognized,99,x
recombinant,53,
recommended,94,
reconstituted,9,
reconstruction,23,
recorded,381,x
recovered,92,
recovery,118,
recruitment,61,
recurrence,48,
recycled,15,
red,86,
redistribution,11,
redox,55,
reduced,826,x
reductase,70,
reduction,360,
reef,35,
reference,168,
referral,12,
refined,15,
reflected,126,
refractory,14,
refrigerated,26,
regard,65,x
regardless,81,x
regeneration,33,
regime,29,
regimen,10,
region,513,
regioselective,11,
registered,73,x
registration,26,
regression,222,
regular,38,
regularly,13,
regulation,330,
regulatory,46,
rehabilitation,12,
reinforce,28,
rejection,17,
related,839,x
relationship,376,
relative,334,
relaxation,24,
release,202,x
relevant,200,
reliable,70,
relief,10,
rely,23,
rem,27,
rem_sleep,27,
remained,348,x
remarkable,48,
remediation,31,
remodeling,22,
remote,18,
remote_sensing,9,
removal,225,
renal,24,
rendering,14,
renewable,15,
repair,33,
repeated,71,x
reperfusion,9,
repetitive,15,
replacement,83,
replication,73,
reported,766,x
represent,404,
representation,28,
repression,37,
reproduce,64,
reproductive,237,
republic,22,
required,307,x
research,375,
resection,12,
resembles,45,
reserved,789,x
reservoir,31,
residence,78,
residues,155,
resilience,20,
resin,9,
resistance,258,
resistin,10,
resolution,59,
resolved,25,
resonance,44,
resources,138,
respectively,996,x
respiration,26,
respiratory,95,
respirometry,13,
respondents,91,
response,765,
rest,68,x
restored,78,
restricted,102,x
restructured,11,
resulted,504,x
retained,60,
retardation,13,
retention,61,
reticulocytes,9,
reticulum,10,
retrieved,24,
retrogradation,11,
retrospective,39,
rets,10,
returned,28,
reuptake,13,
reuse,14,
revealed,383,x
reverse,115,x
reverse_transcriptase,13,
reverted,17,
review,133,
revised,21,
reyes,9,
rflp,9,
rhamnosus,11,
rheological,31,
rheology,12,
rheumatic,10,
rheumatoid,12,
rheumatoid_arthritis,12,
rheumatology,9,
rhizome,9,
rhizopus,20,
rhizosphere,26,
rho,11,
rhodomelaceae,11,
rhodophyta,43,
rhythm,18,
ribosomal,24,
ribs,9,
rica,18,
rice,16,
rich,140,
rights,806,
rights_reserved,744,
rigid,9,
ring,85,
rinm,9,
rio,16,
ripening,19,
rise,52,
risk,418,
river,48,
rna,55,
rnai,10,
road,18,
robust,44,
robustus,15,
roc,11,
rock,23,
rocky,15,
rod,14,
rodents,32,
rodriguez,17,
role,535,
roo,13,
room,35,
root,110,
ros,62,
rose,25,
rot,14,
rotation,34,
rotifera,9,
rotifers,19,
roughly,9,
round,13,
route,60,
routine,28,
royal,28,
rpm,23,
rrna,69,
ruiz,9,
rule,19,
rumen,32,
ruminal,78,
run,25,
ruptured,11,
rural,39,
saanen,12,
saccharomyces,29,
saccharomyces_cerevisiae,28,
sacrificed,28,
safe,32,
safety,47,
saharan,22,
said,9,
salient,9,
salinas,11,
salinity,94,
saliva,16,
salivary,21,
salmonella,29,
salt,70,
salud,14,
salvia,15,
samples,832,x
san,56,
sanchez,13,
sand,20,
sandy,9,
sanitary,9,
santa,12,
santiago,11,
santos,9,
sarcoma,15,
sars,30,
sars_cov,19,
sas,37,
satellite,11,
satisfy,14,
sativa,9,
saturated,48,
sausages,16,
saving,12,
scaffold,13,
scale,274,
scanning,130,
scanning_electron,66,
scar,10,
scarce,79,
scarcity,9,
scattered,28,
scavenging,44,
sce,9,
scenarios,51,
scenedesmus,13,
schedule,11,
scheme,40,
schltdl,9,
school,60,
schoolchildren,39,
sci,24,
science,551,
science_business,249,
scientific,54,
scientists,18,
scientists_technologists,11,
scope,13,
score,159,
screening,125,
scrub,11,
sdg,10,
sdi,21,
sds,54,
sds_page,36,
sea,67,
seafood,9,
seagrass,10,
search,91,
season,180,
seawater,11,
second,252,
secondary,192,
secretion,112,
secretory,34,
sectional,152,
sector,21,
security,18,
sedative,12,
sedentary,10,
sediments,66,
seed,140,
seedlings,43,
seeking,29,
seen,72,x
segments,65,
segregation,33,
seizures,18,
selected,458,x
selenium,12,
self,98,
selper,14,
sem,51,
semen,27,
semi,75,
semi_arid,26,
semiarid,19,
semiconductor,12,
seminal,39,
seminal_vesicles,19,
seminiferous,16,
seminiferous_tubules,11,
senescence,18,
sensing,40,
sensitivity,201,
sensor,17,
sensory,84,
sensu,11,
separation,203,
september,33,
sequences,302,
sequential,46,
ser,16,
sera,26,
serial,13,
series,144,
serine,17,
serological,29,
seroprevalence,18,
serotonergic,20,
serotonin,34,
serotonin_reuptake,9,
serotoninergic,15,
serum,189,
serve,75,
services,84,
sesquiterpene,9,
sessions,11,
sets,88,
settlement,10,
settling,9,
seven,189,x
seventy,19,
severe,212,
sex,162,
sexual,160,
shade,17,
shake,14,
shake_flasks,12,
shallow,24,
sham,27,
shape,111,
share,67,
sharp,11,
shear,25,
shed,19,
sheep,51,
sheet,26,
shelf,32,
shell,9,
shift,69,x
shock,27,
shoots,33,
short,194,x
shortened,14,
shorter,46,
showed,1854,x
shown,226,x
shrimp,52,
shrub,23,
shrubland,10,
sib,10,
sibling,14,
siderophore,10,
sides,11,
sierra,40,
sierra_madre,19,
sigmoidal,11,
signal_transduction,9,
signaling,157,
signatures,12,
significance,66,
significantly,694,x
signs,48,
silage,28,
silencing,11,
silica,21,
silico,39,
silicone,9,
silver,15,
silverside,12,
similar,685,
similarly,64,x
simple,103,
simplified,19,
simply,9,
simulated,164,
simultaneous,122,x
single,264,
sio,11,
sires,18,
sister,25,
sister_chromatid,9,
sites,349,
situ,85,
situation,53,
sixteen,15,
sixth,10,
sizes,78,
skeletal,23,
skeleton,12,
skin,73,
sklu,9,
skoog,19,
slaughter,23,
slaughterhouse,10,
slc,10,
sle,11,
sleep,50,
slices,13,
slides,21,
slight,36,
slightly,74,
slope,34,
slow,75,x
slower,27,
slowly,33,
slowly_digestible,16,
sludge,93,
small,266,
smaller,87,x
smallest,18,
smf,27,
smokers,17,
smoking,34,
smooth,47,
snps,26,
sobre,15,
soc,10,
social,118,x
sociedade,31,
sociedade_brasileira,18,
society,444,
socio,50,
sociodemographic,29,
socioeconomic,35,
sod,44,
sodium,98,
soft,36,
software,33,
soil,186,
sol,22,
sol_gel,22,
solani,10,
solar,13,
sold,9,
sole,44,
solid,298,
solid_state,150,
solitary,9,
solubilization,11,
soluble,149,
solution,215,
solve,23,
solvent,71,
somatic,26,
sonication,13,
sonorae,15,
sons,123,
sorghum,26,
sorption,20,
sought,24,
sound,12,
source,424,
south,121,x
southeast,20,x
southeastern,19,x
southern,107,
southwestern,21,x
sows,33,
soybean,21,
space,62,
spacer,9,
spain,25,
span,31,
spanish,31,
spatial,138,
spatio,11,
spatiotemporal,11,
spawning,18,
spearman,13,
special,70,
specialist,10,
speciation,17,
species,1006,
specific,607,x
specified,9,
specimens,96,
spectra,59,
spectral,25,
spectrometric,10,
spectrometry,56,
spectrophotometric,13,
spectrophotometry,15,
spectroscopic,42,
spectroscopy,109,
spectrum,49,
speed,27,
spent,23,
sperm,109,
spermatogenesis,20,
spermatozoa,65,
spherical,25,
spider,13,
spiked,29,
spinal,33,
spinal_cord,26,
spindle,9,
spines,19,
spite,30,
spleen,22,
splicing,11,
splitting,11,
spoilage,17,
sponge,14,
spontaneous,47,
sporadic,14,
spores,63,
sporulation,17,
spot,25,
spp,87,
spray,30,
spray_drying,18,
spread,32,
spring,27,
springiness,9,
squamous,22,
square,72,
src,9,
ssc,18,
ssf,59,
stability,222,
stable,107,
stage,297,
staining,89,x
stainless,10,
stainless_steel,9,
standard,212,
standardised,32,
stands,36,
staphylococcus,42,
staphylococcus_aureus,32,
star,16,
starch,107,
starter,23,
starting,104,
state,579,
statement,9,
static,16,
stationary,22,
stations,29,
statistical,262,
status,192,
stay,12,
steadily,10,
steady,42,
steam,12,
stearic,9,
steatosis,9,
steel,19,
steers,11,
stellate,11,
stem,78,
step,142,
stepwise,13,
steric,9,
sterile,28,
steroids,107,
stigma,9,
stillbirths,15,
stimulation,218,
stimulatory,17,
stimuli,32,
stimulus,27,
stirred,35,
stirred_tank,19,
stochastic,12,
stocking,24,
stoichiometric,16,
stomach,11,
stopped,24,
storage,136,x
stored,78,
stover,16,
straightforward,10,
strains,359,
stramonium,10,
strand,25,
strategies,294,
stratification,10,
stratified,29,
straw,47,
streams,15,
streets,11,
strength,73,x
strengthen,27,
streptococcus,23,
streptococcus_thermophilus,10,
streptomyces,11,
streptozotocin,13,
stress,336,
stressors,23,
striatal,20,
striatum,24,
strict,14,
striking,11,
striped,9,
strips,9,
stroke,20,
strong,145,
stronger,40,
strongest,18,
strongly,113,
structure,661,x
students,53,
stuttgart,11,
study,66,x
style,14,
sub,61,x
sub_saharan,22,
subcellular,14,
subchronic,9,
subcutaneous,41,
subgenus,11,
subgroups,23,
subjects,285,
sublethal,16,
submerged,64,
submitted,49,
subnational,15,
subpopulations,12,
subsequent,124,x
subset,31,
subsp,20,
substance,100,
substantia,9,
substantia_nigra,9,
substantial,76,
substituent,26,
substituted,80,x
substrate,256,
subtilis,18,
subtropical,26,
subtype,45,
subunit,48,
successful,153,
successfully,57,
succinate,15,
sucrose,54,
suffering,50,
sufficient,36,
suffolk,13,
sugar,95,
sugar_cane,20,
sugarcane,26,
suggest,1141,x
suicide,30,
suitable,106,x
sulfamethoxazole,12,
sulfate,79,
sulfide,41,
sulfonate,22,
sulfur,44,
sulphate,26,
sum,38,
summarizes,17,
summary,48,
summer,24,
sun,9,
sup,11,
sup_sup,11,
super,12,
superficial,30,
superior,33,
supernatant,19,
superoxide,57,
superoxide_dismutase,48,
supplementation,167,
supply,65,
support,424,
suppressed,55,
suppressor,13,
sur,27,
surface,322,
surfactant,16,
surgery,41,
surgical,46,
surprisingly,17,
surrounding,49,
surveillance,16,
survey,197,
survival,245,
susceptibility,136,
suspected,9,
suspended,27,
suspension,79,
sustainable,113,
sweet,17,
swelling,34,
swimming,38,
swine,26,
swiss,9,
switch,9,
switzerland,192,x
sympatric,15,
symptomatic,10,
symptoms,79,
synaptic,16,
synchronized,38,
syndecan,10,
syndrome,105,
synergism,20,
synergistic,44,
synonym,10,
synthase,32,
synthesis,215,
synthesized,123,
synthetase,15,
synthetic,118,
systematic,84,
systems,422,
systolic,22,
tabasco,9,
table,33,
tablets,25,
tac,9,
tag,15,
tagetes,9,
tail,47,
taken,149,x
taking,82,x
tamaulipas,11,
tamoxifen,9,
tandem,11,
tank,51,
tannins,15,
taqman,9,
target,213,
task,37,
taste,21,
tau,12,
taurus,10,
taxa,86,
taxon,35,
taxonomic,79,
taxonomy,20,
taylor,162,x
taylor_francis,157,x
tbars,22,
technical,19,
techniques,284,
technologists,22,
technology,131,
tecnologia,9,
teeth,32,
tehuacan,30,
tehuacan_cuicatlan,23,
tehuantepec,14,
tem,12,
temperate,36,
temperature,400,
template,14,
temporal,124,
temporary,14,
tended,82,
tendency,42,
tenderness,9,
tensile,17,
tensile_strength,16,
tension,19,
tequila,9,
term,353,
terminal,60,
terminos,10,
terrestrial,18,
terreus,9,
territories,44,
tert,15,
tertiary,25,
test,895,
testicles,12,
testicular,34,
testis,20,
testosterone,107,
tetradecanoylphorbol,14,
tetrahydro,14,
tetrasporangia,12,
texas,10,
texture,89,
tgas,9,
tgf,16,
thallus,12,
thawed,18,
theca,11,
theoretical,73,
theory,75,
therapeutic,131,
therapy,143,
thermal,132,
thermo,9,
thermodynamic,39,
thermophilus,10,
thermostable,20,
thermotolerant,19,
thickenings,10,
thickness,48,
thieme,9,
thinning,11,
thiobacillus,9,
thiobarbituric,21,
thiol,11,
thiooxidans,9,
thiosulfate,15,
thirteen,11,
thirty,74,x
thoracic,11,
thought,26,
thousands,16,
threatened,44,
threats,39,
threefold,9,
threshold,36,
throughput,9,
thyroid,15,
tick,9,
tight,15,
tilapia,21,
tillage,13,
tillandsia,17,
tim,13,
times,341,
timp,9,
tio,24,
tissue,286,
titanium,9,
titers,19,
titratable_acidity,12,
titration,33,
tlaxcala,11,
tlr,9,
tnf,83,
tnfα,11,
tobacco,32,
tocopherol,10,
tof,9,
tolerance,128,
toluene,36,
tomato,20,
tongue,17,
tonic,12,
tons,18,
took,33,
tool,175,
tooth,31,
topical,33,
topographic,13,
topological,16,
tortillas,13,
total,800,x
tourism,10,
tourist,11,
town,12,
toxic,245,
toxicological,22,
toxin,31,
toxocara,10,
tpa,32,
trace,33,
tracer,12,
track,23,
tract,59,
trading,63,
traditional,162,
traditionally,33,
traffic,10,
training,56,
traits,105,
trajectories,10,
trans,25,
transcriptase,13,
transcription,105,
transcriptome,17,
transduction,13,
transects,20,
transfected,25,
transfer,118,
transferase,28,
transformation,159,
transgenic,14,
transient,36,
transition,120,
translation,38,
translocation,40,
transmission,67,
transmitted,19,
transparent,16,
transplant,11,
transport,169,
transverse,19,
trapped,39,
trauma,11,
traumatic,21,
travel,11,
treated,495,x
treatment,1054,
tree,83,
trends,133,
tri,15,
trial,71,
trichoderma,16,
trichoderma_harzianum,9,
trichomonas,11,
trichomonas_vaginalis,11,
trigger,62,x
triglycerides,53,
triosephosphate,22,
triosephosphate_isomerase,22,triosephosphate
triphosphate,11,
triple,19,
triplicate,9,
trips,9,
triterpenes,15,
trolox,13,
trophic,23,
trophozoites,9,
tropical,196,
trp,12,
true,19,
truncated,11,
trust,9,
trypanosoma,23,
trypanosoma_cruzi,20,
trypsin,17,
tryptophan,15,
tube,30,
tuberculosis,22,
tubular,15,
tubules,15,
tukey,16,
tumor,175,
tumour,31,
tuned,13,
tunel,10,
turn,73,x
turnover,17,
twice,47,
twofold,12,
type,689,x
typhimurium,14,
typical,82,
tyr,11,
tyrosine,29,
uam,16,
uasb,25,
ubiquitous,9,
ulcers,19,
ultimately,14,
ultra,11,
ultrasonic,9,
ultrasound,31,
ultrastructural,23,
ultraviolet,25,
umbilical,20,
una,29,
unable,28,
unaffected,22,
unaltered,11,
unam,10,
uncertain,12,
uncertainty,55,
unchanged,27,
unclear,41,
underestimated,20,
undergo,49,
underlying,74,
understanding,281,
understood,55,
undertaken,23,
underwent,43,
undescribed,10,
undesirable,13,
undetectable,13,
unequal,9,
unexpected,9,
unfavorable,14,
unfolding,36,
unfortunately,9,
unicystic,14,
unidentified,10,
uniform,27,
unilateral,11,
union,19,
unique,64,x
united_states,37,
units,188,
univariate,9,
universidad,53,x
universidad_autonoma,12,x
universidad_nacional,20,x
university,126,x
unknown,99,x
unlike,31,x
unpredictable,9,
unrelated,14,
unripe,9,
unsaturated,13,
unstable,9,
untreated,55,
unusual,22,
updated,43,x
upflow,26,
upper,35,x
upregulated,32,
upstream,9,
uptake,72,x
urban,83,
urea,40,
urgent,18,
uric,13,
urinary,15,urinary
urine,21,urinary
usa,51,x
usage,10,x
useful,306,x
users,19,
usp,11,
usually,71,x
uterine,30,
uterus,17,
utilization,106,x
vacas,9,
vaccine,30,
vacuoles,15,
vacuum,9,
vagina,9,vaginal
vaginal,23,vaginal
vaginalis,12,vaginal
validated,162,x
vallarta,9,x
valle,10,x
valley,35,x
valorization,13,
valuable,62,x
values,881,
valve,14,
van,11,
vannamei,24,
vapor,19,
var,55,
variables,479,
variance,68,x
variants,87,variation
variation,302,variation
varied,222,variation
variety,107,variation
vascular,64,
vast,11,
vch,62,
vector,45,
vegetation,142,
vegf,13,
vehicle,78,
vein,15,
velocity,34,
venezuela,11,x
venom,12,
ventral,18,
ventricle,9,
veracruz,58,x
verbal,9,
verified,31,
versatile,15,
version,35,
versus,104,x
vertebrates,20,
vertical,31,
vesicles,51,
vessels,24,
veterinary,21,
vfa,17,
vhb,12,
viability,148,
viable,71,x
vibrio,17,
video,12,
viejo,10,
view,49,
vigor,14,
vimentin,10,
violence,30,
viral,39,
virtual,20,
virulence,38,
virus,61,virus
viruses,16,virus
vis,17,
visceral,12,
viscoelastic,31,
viscosity,46,
visible,29,
visitors,22,
visits,32,
visual,58,
vital,49,
vitamin,30,
vitreoscilla,16,
vitreoscilla_hemoglobin,12,vitreoscilla
vitro,436,
vivo,203,
vmax,16,
vocs,15,
volatile,77,
volcanic,18,
volcanic_belt,10,volcanic
volcano,14,
voltage,20,
voltammetry,10,
volume,124,
volumetric,24,
volunteers,36,
von,20,
von_frey,9,
vulgaris,27,
vulnerability,45,
waist,15,
waist_circumference,13,
wake,16,
walking,13,
wall,85,
wallis,12,
walter,18,
walter_gruyter,18,
warm,29,
warranted,20,
washed,30,
waste,101,
wastewater,96,water
water,567,
wave,32,
wax,14,
way,154,
weak,40,
weaning,34,
weather,17,
web,16,
weed,13,
weekly,24,
weeks,227,
weibull,10,
weighed,34,
weight,496,x
weinheim,20,
welfare,47,
wells,9,
west,27,
western,111,west
western_blot,40,west
wet,39,
wetland,15,
wheat,51,
whey,28,
whilst,15,
white,140,
whitney,13,
wide,264,
wider,16,
widespread,42,
width,25,
wild,145,
wildlife,27,wild
wiley,309,x
wiley_periodicals,81,x
wiley_vch,62,x
wilkins,10,
willd,11,
williams,12,
wind,23,
windows,11,
winter,31,
wistar,101,
withdrawal,22,
wolters,21,
wolters_kluwer,21,wolters
woman,11,
women,154,woman
wood,18,
words,9,
workers,19,
working,57,
world,170,
worldwide,120,
worse,18,
worsening,9,
worst,12,worse
wound,23,
wound_healing,13,
wrl,12,
xochimilco,11,
xrd,20,
xylanase,21,
xylene,11,
xylose,12,
years,619,x
yeast,80,
yellow,29,
yield,357,x
ylds,12,
ylls,11,
yogurt,10,
york,61,x
yorkshire,11,
yorkshire_landrace,10,yoshire
young,79,
younger,34,young
yucatan,34,
yucatan_peninsula,27,yucatan
zapotitlan,9,
zea,22,
zea_mays,21,
zealand,18,
zero,31,
zinc,30,
zona,13,zone
zona_pellucida,10,
zone,119,
zoology,12,
zoology_pas,9,zoology
zooplankton,14,
